specification,outcome,estimate,std_error,p_value,conf_low,conf_high,n,ten_percent_effect,ten_percent_low,ten_percent_high
Baseline,Monthly inflation,-0.07172458882792022,0.05498900196947841,0.19352388963454784,-0.17950303268809792,0.036053855032257456,227,-0.7172458882792022,-1.7950303268809793,0.36053855032257454
Add linear trend,Monthly inflation,-0.07444299159885547,0.05927649500730579,0.21054895418300956,-0.1906249218131748,0.04173893861546389,227,-0.7444299159885547,-1.906249218131748,0.41738938615463894
Add annual macro controls,Monthly inflation,-0.07460440732694695,0.06250140317438452,0.23396404204529878,-0.19710715754874059,0.04789834289484669,227,-0.7460440732694695,-1.971071575487406,0.4789834289484669
Exclude Aug-Dec 2015,Monthly inflation,-0.05865667054922654,0.07530886167435331,0.43693479991124007,-0.20626203943095903,0.08894869833250593,222,-0.5865667054922654,-2.06262039430959,0.8894869833250594
Three-month cumulative response,Three-month inflation,-0.25818335485614397,0.23488349954067722,0.272934524994689,-0.7185550139558713,0.20218830424358336,225,-2.5818335485614394,-7.185550139558713,2.0218830424358334
