model,outcome,term,estimate,std_error,statistic,p_value,conf_low,conf_high,n,r_squared,ten_percent_effect,ten_percent_low,ten_percent_high
OLS,Monthly CPI inflation,dep_kzt,0.02824793031112362,0.01287807152932443,2.1934907137921043,0.029354029497184894,0.0030069101136477386,0.0534889505085995,227,0.556341172032334,0.2824793031112362,0.030069101136477386,0.534889505085995
IV: Brent instrument,Monthly CPI inflation,dep_kzt,-0.07172458882792022,0.05498900196947841,-1.304344255379119,0.19352388963454784,-0.17950303268809792,0.036053855032257456,227,0.36625008601448683,-0.7172458882792022,-1.7950303268809793,0.36053855032257454
